logFC	logCPM	PValue	adj.p.value
TTN	1.15238	4.49057	4.82932e-35	2.40012e-30
QKI	1.15728	4.25107	1.28108e-27	1.39071e-23
CPED1	0.909482	4.26776	4.013e-25	2.08559e-21
TRA2B	0.997601	4.12511	5.60009e-25	2.76331e-21
CPEB4	1.2595	4.22725	1.83109e-22	4.51769e-19
TXNIP	1.4109	3.67406	4.40963e-22	9.97283e-19
SLC25A25	1.36596	3.67287	8.07723e-22	1.68623e-18
VGLL2	1.31364	3.19058	2.62949e-21	4.83813e-18
NEB	0.834295	4.80405	1.76673e-20	2.77957e-17
ARID5B	1.23822	3.85375	4.06385e-20	5.80473e-17
HSPA1B	1.34051	2.14793	1.53633e-19	1.917e-16
AKAP13	0.644196	5.05363	1.75009e-19	2.15892e-16
IFRD1	0.817124	4.25111	1.40237e-18	1.3238e-15
PPTC7	1.08942	3.39857	1.78138e-18	1.65283e-15
NEDD4	0.858233	4.30217	4.8944e-18	4.18363e-15
PCBP2	1.08635	3.18421	5.72561e-18	4.7812e-15
ZNF106	1.13649	3.55354	1.15175e-17	8.8674e-15
PPP1R12B	0.666202	4.78384	4.0281e-17	2.76758e-14
KLF9	1.22273	3.39312	4.80631e-17	3.26099e-14
ATP1B1	1.411	2.83719	8.8221e-17	5.56802e-14
TRDN	1.12389	3.51547	1.06846e-16	6.66601e-14
NR4A1	1.1769	4.88784	1.45856e-16	8.79652e-14
USP2	1.40698	3.72686	3.0193e-16	1.69827e-13
PPP1R15A	1.38133	3.09471	4.25966e-16	2.33543e-13
TSC22D2	0.987739	4.16492	6.90944e-16	3.6061e-13
PK	0.916605	3.9625	7.7587e-16	4.02996e-13
ZBTB16	0.980517	4.79776	1.47857e-15	7.23013e-13
LINC01372	1.78908	0.623098	4.31696e-15	1.93651e-12
SVIL	0.794761	5.03209	4.59032e-15	2.03392e-12
STOM	1.33407	2.30367	6.2884e-15	2.70893e-12
DUSP1	1.3018	3.45427	7.40691e-15	3.11656e-12
CMYA5	0.907044	3.46605	8.82405e-15	3.62846e-12
HSP90AB1	1.39976	3.10523	2.29096e-14	8.78799e-12
RBFOX2	0.665635	4.5562	2.4431e-14	9.30197e-12
XIRP2	0.862075	3.17342	2.60054e-14	9.80234e-12
C1orf132	1.21267	3.97583	3.04671e-14	1.12881e-11
ARHGEF12	0.599862	4.68594	4.06089e-14	1.44065e-11
RP11-64B16.4	1.76252	0.395014	4.33236e-14	1.51712e-11
TSC22D1	0.995062	2.84393	4.4006e-14	1.53114e-11
ABRA	1.1387	2.78713	4.9427e-14	1.69263e-11
AGL	0.825074	3.74955	8.49862e-14	2.77887e-11
RNF122	1.0524	2.89857	9.17041e-14	2.9453e-11
PLCL1	0.674321	3.98134	1.08007e-13	3.4084e-11
NRIP1	0.967868	2.37588	1.08889e-13	3.41637e-11
PICALM	0.698988	4.3301	2.18977e-13	6.30544e-11
MAP4	0.794382	4.64918	2.70951e-13	7.62012e-11
VEGFA	1.27806	2.69884	3.38484e-13	9.30249e-11
SORBS1	0.79654	4.5836	3.92084e-13	1.05617e-10
WBP1L	1.00862	3.43895	4.75174e-13	1.24598e-10
FOXO3	1.22116	3.77845	5.86942e-13	1.49177e-10
SRSF3	1.10189	3.22305	6.39917e-13	1.60804e-10
MED13	0.86501	3.54927	6.69174e-13	1.66232e-10
TNPO1	0.795771	3.57877	9.88426e-13	2.34281e-10
NR4A2	0.970948	4.19036	1.02272e-12	2.41356e-10
G3BP2	0.905329	3.42314	1.06974e-12	2.51903e-10
SDCBP	0.668154	3.74403	1.15143e-12	2.68807e-10
SLC15A4	1.03004	3.79699	1.1549e-12	2.6904e-10
FOS	1.18421	3.01805	1.17987e-12	2.73683e-10
MCL1	1.22085	3.15736	1.55726e-12	3.51458e-10
OTUD4	0.971963	3.54258	1.9389e-12	4.23503e-10
KLF10	1.01878	3.34996	4.54581e-12	9.1385e-10
ID3	1.06222	2.74769	8.58366e-12	1.59285e-09
BACH1	0.717803	3.78475	1.14265e-11	2.07082e-09
HSPH1	0.989689	3.36817	1.28157e-11	2.29218e-09
JUN	1.47126	0.708593	1.35184e-11	2.40183e-09
HNRNPU	1.3261	1.39429	1.47286e-11	2.58004e-09
NUFIP2	0.961079	3.06501	1.50871e-11	2.62469e-09
FKBP5	1.00842	3.75293	1.52337e-11	2.63625e-09
NR4A3	1.04911	2.41029	1.8578e-11	3.11337e-09
RP11-159D12.2	1.07229	1.81281	2.70925e-11	4.33149e-09
CRYBG3	0.887174	3.20703	2.7433e-11	4.37305e-09
XIRP1	1.2193	2.54779	2.87037e-11	4.56221e-09
ENAH	0.646744	4.41612	3.14382e-11	4.95333e-09
NEK7	0.665547	3.73282	3.19884e-11	5.02542e-09
CSRNP1	1.15208	2.97918	3.27129e-11	5.1244e-09
RSL24D1	0.821913	2.69022	3.87858e-11	5.9723e-09
DUSP16	0.956104	3.53023	4.25137e-11	6.4278e-09
CTD-2003C8.2	1.10513	2.47868	4.57054e-11	6.86258e-09
OSBPL11	0.865738	2.86379	8.39764e-11	1.16427e-08
DBP	1.48866	1.49288	9.49705e-11	1.28871e-08
ZFP36L1	1.00814	4.05679	1.08566e-10	1.44255e-08
NXPE3	0.752806	3.31524	1.10579e-10	1.4671e-08
SLC7A2	0.911266	2.08904	1.40924e-10	1.81474e-08
ATP5G2	0.9555	3.06924	1.47473e-10	1.88122e-08
PDE4B	0.486343	4.72023	1.48144e-10	1.88756e-08
KLF6	1.08879	3.82547	1.58117e-10	2.00055e-08
RAPGEF2	0.604306	4.72481	1.59973e-10	2.01618e-08
KIAA2018	0.720612	3.57577	1.63796e-10	2.05801e-08
LINC00948	0.808646	2.95422	1.90583e-10	2.35908e-08
HSPB1	1.22348	2.97255	2.70149e-10	3.17044e-08
DPYD	0.775837	2.87628	3.00365e-10	3.4725e-08
FYCO1	0.920828	3.23355	3.38673e-10	3.85785e-08
HES1	1.41761	3.04161	4.06722e-10	4.54244e-08
RBPJ	0.482806	4.56785	4.09769e-10	4.56707e-08
SKIL	0.79969	3.13152	5.27398e-10	5.69679e-08
HNRNPH1	0.906025	3.4979	6.9189e-10	7.2082e-08
ZBTB38	0.528564	4.69802	7.80396e-10	7.9824e-08
CACNA2D1	0.524317	4.36812	8.32462e-10	8.40719e-08
ZCCHC2	0.654153	3.82116	9.13723e-10	9.1001e-08
TMED4	0.893801	2.61209	9.39086e-10	9.29872e-08
TRAF3IP2	0.982021	2.54003	9.72736e-10	9.54904e-08
UBL3	0.798325	3.02342	1.06077e-09	1.03e-07
OTUD1	0.922565	3.08832	1.06878e-09	1.03408e-07
SLC36A2	0.91696	3.16116	1.13238e-09	1.08306e-07
RTN2	1.07847	1.37042	1.20387e-09	1.14139e-07
MIR133A1HG	1.77235	1.0844	1.24109e-09	1.17258e-07
DCP1A	0.785964	2.84865	1.50965e-09	1.38649e-07
KIAA0232	0.917415	3.66033	1.75851e-09	1.58554e-07
ITPRIP	0.733595	3.7128	1.85984e-09	1.66583e-07
RAB21	0.80413	3.39822	1.98458e-09	1.76301e-07
PPP2R1B	0.771823	3.9117	2.25288e-09	1.97389e-07
IRF2BP2	1.05017	1.653	2.69799e-09	2.31165e-07
HECTD1	0.467593	4.58316	2.8953e-09	2.45935e-07
AHCYL2	0.542255	4.4295	3.33228e-09	2.76773e-07
HERC1	0.539091	4.16974	3.5331e-09	2.90343e-07
KIF1B	0.649853	4.09839	4.09841e-09	3.30443e-07
ZBED5-AS1	1.24525	1.495	4.66622e-09	3.68649e-07
WNK1	0.527153	4.78106	5.28042e-09	4.10327e-07
DMD	0.547422	4.40726	5.31186e-09	4.12475e-07
PJA2	0.737886	3.25282	6.15392e-09	4.69466e-07
HIPK3	0.882388	3.74727	7.69089e-09	5.70677e-07
CTD-3014M21.1	0.923116	2.29742	7.95557e-09	5.88306e-07
KDM2A	0.551743	4.72467	8.08635e-09	5.96352e-07
ARFGEF2	0.754236	2.91225	9.57721e-09	6.91272e-07
FNDC3B	0.590446	4.41668	1.05638e-08	7.53647e-07
FOXN3	0.589625	3.90111	1.29908e-08	9.00097e-07
FGD4	0.642089	4.05653	1.36065e-08	9.3664e-07
FEM1C	0.997365	2.84114	1.44302e-08	9.8275e-07
ARPC2	0.554626	4.06101	1.52353e-08	1.02726e-06
MED13L	0.536833	4.0547	1.5278e-08	1.02951e-06
RICTOR	0.60702	3.91329	1.58835e-08	1.06174e-06
SLC38A2	1.1102	2.13583	2.02057e-08	1.30331e-06
FNDC3A	0.738644	2.6598	2.02948e-08	1.30754e-06
HIVEP2	0.942808	3.37927	2.03778e-08	1.31052e-06
PPP4R2	0.820135	2.79286	2.1676e-08	1.38011e-06
LINC-PINT	0.776588	3.3871	2.21829e-08	1.40908e-06
UBR5	0.476804	4.48064	2.48976e-08	1.55334e-06
ALPK3	0.944457	3.41703	2.98466e-08	1.81009e-06
ZFHX3	0.802229	3.41696	2.99053e-08	1.81263e-06
SMAD7	0.824841	4.39689	3.4119e-08	2.0284e-06
ZBTB10	1.46613	-0.0744911	3.74146e-08	2.19428e-06
SPTBN1	0.591861	4.13533	3.75835e-08	2.20062e-06
BMI1	0.844616	2.69588	3.93431e-08	2.29499e-06
MSL2	0.792784	3.46278	4.36747e-08	2.5099e-06
KDM6B	0.911589	3.68686	4.49502e-08	2.57495e-06
PDK4	0.940456	2.30726	4.64292e-08	2.63886e-06
EIF3A	0.930036	3.04678	4.9208e-08	2.76925e-06
SACS	0.557471	3.64422	5.21681e-08	2.91318e-06
NR1D1	1.17175	2.81862	7.12447e-08	3.78938e-06
FAM46A	0.852391	3.07333	7.20528e-08	3.8263e-06
MYH2	0.967537	2.86794	8.09703e-08	4.23609e-06
SDE2	0.925753	2.37866	9.4102e-08	4.82771e-06
SRSF5	0.734633	3.37808	9.88199e-08	5.03879e-06
ACSL3	0.583277	3.59015	1.03588e-07	5.2523e-06
CTNNA3	0.564871	3.74782	1.0403e-07	5.2698e-06
PHACTR2	0.48466	4.1607	1.08606e-07	5.45344e-06
TP53INP2	0.782253	2.79624	1.14766e-07	5.70449e-06
GSS	0.787027	2.72278	1.24579e-07	6.08637e-06
MAGED2	0.958039	1.4418	1.24686e-07	6.08884e-06
PYGO1	0.79464	3.00297	1.30104e-07	6.30998e-06
FLNC	1.04652	3.88933	1.43015e-07	6.83632e-06
IKZF2	0.71287	2.5259	1.43164e-07	6.84042e-06
CDKN1A	1.02165	2.0331	1.46707e-07	6.98364e-06
GOLGB1	0.639914	3.27843	1.4674e-07	6.98364e-06
PLS3	0.854966	2.45944	1.47326e-07	7.00261e-06
TFRC	0.628546	3.53729	1.51887e-07	7.18171e-06
SDHC	0.733725	2.74361	1.64803e-07	7.69153e-06
CTB-52I2.4	0.904533	2.50973	1.64926e-07	7.69153e-06
PTPN14	0.676052	3.3703	1.67313e-07	7.78191e-06
PPP1R15B	0.952164	3.23588	1.72195e-07	7.97824e-06
IER5	0.909158	3.20375	1.91802e-07	8.74483e-06
NFKBIA	0.879185	3.06205	1.93344e-07	8.80774e-06
ZYG11B	0.789434	2.65523	2.11334e-07	9.49971e-06
FAM193B	0.60079	3.56749	2.15007e-07	9.63688e-06
NCOA3	0.604489	3.35665	2.33656e-07	1.03657e-05
CDK12	0.524858	3.99082	2.41046e-07	1.06414e-05
PHF3	0.478229	4.22404	2.42992e-07	1.07142e-05
ATP1B4	0.952315	0.963952	2.57444e-07	1.126e-05
DNAJC7	0.668161	2.62349	2.67066e-07	1.16246e-05
ITGB1BP2	0.91958	1.06326	2.71439e-07	1.17819e-05
PRDM2	0.480239	4.28567	2.94315e-07	1.25692e-05
LIX1L	1.01265	2.34761	3.03992e-07	1.28942e-05
TRIB1	0.853491	3.72487	3.05941e-07	1.29606e-05
FAM189A2	0.562392	3.98939	3.29072e-07	1.37927e-05
HDDC2	0.544612	3.40935	3.40344e-07	1.4145e-05
C14orf166	0.586858	2.83259	3.81509e-07	1.56285e-05
SUCO	0.475152	3.97022	4.34549e-07	1.73666e-05
MARCH6	0.573836	3.47575	4.68636e-07	1.85603e-05
GLUL	0.876868	3.76631	4.76386e-07	1.8826e-05
GIGYF2	0.452322	4.35528	4.95799e-07	1.93955e-05
ZC3H15	0.707022	2.46372	5.41541e-07	2.09658e-05
UTRN	0.380256	4.71891	5.6992e-07	2.19315e-05
ADAMTS1	0.814321	3.56384	5.74449e-07	2.2098e-05
MKL1	0.514911	4.06461	5.96102e-07	2.27776e-05
GOSR1	0.528699	3.27014	6.192e-07	2.35276e-05
SMG1	0.603158	3.39686	6.26587e-07	2.37751e-05
IQGAP1	0.48093	4.00224	6.55723e-07	2.46907e-05
HNRNPA0	0.811441	3.37747	6.90814e-07	2.58596e-05
UHMK1	0.800258	2.4678	7.14064e-07	2.65651e-05
SYNM	0.691047	2.26684	7.32168e-07	2.70992e-05
FERMT2	0.452429	4.12159	7.72295e-07	2.83141e-05
SIRT1	0.590433	3.28348	7.80407e-07	2.85633e-05
ATF3	0.775663	3.87235	8.41058e-07	3.04647e-05
BCL3	0.855607	3.48267	8.64329e-07	3.12451e-05
RYBP	0.84279	2.28168	8.71753e-07	3.14925e-05
RPL37	1.06276	0.399555	9.1682e-07	3.2804e-05
RNF19A	0.470445	4.32772	9.60945e-07	3.418e-05
IPO7	0.504065	3.41638	9.87724e-07	3.49504e-05
DCP2	0.577286	3.50737	1.02279e-06	3.60024e-05
ZNF770	0.780523	2.77526	1.05373e-06	3.68762e-05
NAF1	0.551009	3.34705	1.11055e-06	3.86031e-05
PIAS1	0.478757	3.94131	1.15028e-06	3.9793e-05
LTN1	0.543835	3.19536	1.2048e-06	4.14284e-05
AHNAK	0.610621	2.77515	1.28568e-06	4.37112e-05
PLEKHA1	0.699047	3.5478	1.33824e-06	4.53278e-05
COX7C	0.811	2.01025	1.39167e-06	4.67727e-05
CSRP3	0.767671	2.51802	1.39383e-06	4.68308e-05
CMB9-22P13.1	0.737378	1.62498	1.39688e-06	4.69043e-05
LIFR	0.535857	3.45117	1.59796e-06	5.25329e-05
SYNPO2	0.628355	3.33999	1.65019e-06	5.39663e-05
HSP90AA1	0.933058	3.19528	1.76534e-06	5.71207e-05
PER2	0.666444	3.78409	1.86797e-06	5.99236e-05
ZFP36L2	1.16671	0.149472	1.87692e-06	6.01574e-05
DDX3X	1.06262	2.50581	1.88067e-06	6.02242e-05
SNRK	0.55044	3.35782	1.93897e-06	6.17814e-05
NDEL1	0.453084	3.88258	2.05208e-06	6.47958e-05
UBR3	0.458072	3.86129	2.07985e-06	6.5539e-05
ACYP2	0.639968	2.47975	2.12792e-06	6.68019e-05
TPCN1	0.569773	3.6775	2.23602e-06	6.97516e-05
TBX3	0.725968	3.38846	2.28408e-06	7.10874e-05
MTCH1	0.634281	3.72155	2.36071e-06	7.30952e-05
HIST1H2BD	1.63716	-0.432568	2.82239e-06	8.47463e-05
AMD1	0.65501	3.60409	2.87705e-06	8.61345e-05
ATP1A1	0.468554	4.09809	3.00976e-06	8.94661e-05
EFR3A	0.44723	3.88542	3.01922e-06	8.96736e-05
IL15	0.508666	3.21299	3.12697e-06	9.2193e-05
KIAA0355	0.668169	3.34988	3.21239e-06	9.43527e-05
CAMLG	0.878402	2.51221	3.23743e-06	9.48828e-05
SETBP1	0.613576	1.97753	3.2778e-06	9.59105e-05
COX7B	1.25462	1.046	3.28772e-06	9.61489e-05
MYC	1.0316	2.1946	3.44818e-06	0.000100194
RP11-255P5.3	0.753291	1.87047	3.46752e-06	0.000100702
DHRS3	0.771799	2.60082	3.55992e-06	0.000102978
ZSWIM1	0.678432	1.67057	3.6146e-06	0.000104276
YWHAQ	0.687917	3.16224	4.11806e-06	0.000116539
BCAS2	0.940442	1.72905	4.33291e-06	0.000121166
RAB3GAP2	0.607046	2.865	4.91115e-06	0.000134836
CCDC117	0.790529	2.22461	5.02464e-06	0.000137499
KCNJ8	0.670148	2.13877	5.38756e-06	0.000145813
RPS24	0.598504	2.72806	5.51812e-06	0.000148459
SLK	0.558437	3.22811	5.65131e-06	0.000151404
ATOH8	0.698782	3.94952	6.27777e-06	0.000165011
CDK17	0.453979	3.92905	6.47508e-06	0.000169255
ANKRD9	0.836732	2.96479	6.47857e-06	0.000169264
DUSP5	0.673145	1.4509	6.67169e-06	0.000173517
KIF13A	0.560199	3.57697	6.70246e-06	0.000174233
CYR61	1.06095	1.00936	7.27363e-06	0.000186008
SOCS5	0.685533	2.60173	8.99418e-06	0.000221334
CACNB1	0.636109	3.43604	9.23722e-06	0.000226307
CACNG1	0.752066	2.76482	9.82072e-06	0.000237864
PLCD4	0.567767	3.25604	9.92413e-06	0.000240048
MXD1	0.643093	3.27968	1.06173e-05	0.000254325
RNF145	0.526011	2.81356	1.13971e-05	0.000269551
PSMB7	0.613827	2.37202	1.17478e-05	0.00027652
PTPRG	0.564882	4.15789	1.25009e-05	0.000291215
PAIP2B	0.760973	2.2854	1.33047e-05	0.000306259
DENND2C	0.66982	3.07799	1.36285e-05	0.000312387
RND3	0.530158	3.78661	1.37356e-05	0.000314245
LATS2	0.683642	3.09704	1.45225e-05	0.000328646
RSRP1	0.837974	0.845722	1.48016e-05	0.000334057
REEP1	0.535577	3.39295	1.54183e-05	0.000345461
USP9X	0.614781	3.35093	1.57147e-05	0.000350752
PIM1	0.820088	2.96031	1.64814e-05	0.000364171
PSMA4	0.652961	2.3986	1.77536e-05	0.000386692
GTF3A	0.52316	3.36421	1.90082e-05	0.000410395
UBN2	0.585495	3.30274	1.91802e-05	0.000413206
FOSB	0.816457	2.86455	2.05542e-05	0.000437768
CLK2	0.711001	2.55403	2.12011e-05	0.000449693
RCAN1	0.44443	3.79466	2.24153e-05	0.000472218
NFIL3	0.886865	1.83688	2.30999e-05	0.000484758
IFIT2	0.712633	1.72934	2.55489e-05	0.000525586
HSPD1	0.726959	1.70264	2.56595e-05	0.000527102
RMND5A	0.512257	2.85726	2.62312e-05	0.000536976
ZFP36	0.847672	0.727148	3.07129e-05	0.000609524
CRK	0.638746	2.92362	3.19044e-05	0.000628241
USP37	0.447915	3.22265	3.26953e-05	0.000641364
UGCG	0.573441	3.07363	3.49986e-05	0.000678091
HEG1	0.409517	3.56907	3.51842e-05	0.000680958
CSNK1D	0.595078	3.39482	3.53945e-05	0.000684539
SETD5	0.415482	3.95093	3.58776e-05	0.000691911
IVNS1ABP	0.539623	2.49835	3.67256e-05	0.000706132
SMAD5	0.458992	2.97534	3.6854e-05	0.000708098
SLC10A7	0.505079	3.26296	3.88781e-05	0.000740048
FOSL2	0.944338	1.80993	3.93013e-05	0.000746401
LAMC1	0.516335	4.18265	4.33357e-05	0.000807622
CPD	0.438143	3.78191	4.37961e-05	0.000814124
SNAI1	0.673474	1.96138	4.45814e-05	0.000827145
ARRDC4	0.702663	2.40842	4.80132e-05	0.000876585
STK32B	-0.402017	3.89865	4.96995e-05	0.000901458
GXYLT1	0.636748	2.42268	5.03425e-05	0.000911183
COX7A1	0.951987	2.32648	5.13641e-05	0.000927466
AMZ2P1	0.629826	2.38275	5.20232e-05	0.000936875
LBR	0.429041	3.82875	5.34227e-05	0.000958737
CNIH4	0.583325	2.87377	5.54737e-05	0.000989494
SEMA6D	0.334141	4.4194	5.62433e-05	0.00100026
FBXL14	0.660878	3.07146	6.21962e-05	0.00108708
NKTR	0.416882	3.36854	6.33788e-05	0.00110348
SERPINH1	0.60604	3.55764	6.478e-05	0.0011223
CHD1	0.428955	3.09532	6.52802e-05	0.00112879
JOSD1	0.536016	3.11911	6.58551e-05	0.00113711
SENP2	0.420668	3.25397	6.71208e-05	0.00115383
NDUFB1	1.0786	0.0353974	7.0481e-05	0.00119906
OBSCN	0.49409	3.97353	7.04993e-05	0.00119918
KIDINS220	0.345227	4.0315	7.47177e-05	0.00125832
MAMSTR	0.727205	2.88822	7.48051e-05	0.0012596
PRKRIP1	0.622836	2.77261	7.79792e-05	0.00130254
HECA	0.674346	2.51624	8.5957e-05	0.00141019
NIN	0.436182	4.21212	8.68653e-05	0.00142208
ATP5E	0.67412	2.42344	8.89859e-05	0.00144915
RNF38	0.567254	3.70433	9.63853e-05	0.00154691
CLIC4	0.690854	2.35349	9.72451e-05	0.00155657
PAK2	0.45372	3.2799	9.88288e-05	0.0015768
LINC01091	0.524466	2.36543	9.89244e-05	0.00157786
ARID5A	0.689549	3.20741	0.00010156	0.00161327
RASD1	0.709775	2.3198	0.000102654	0.00162564
RHOB	0.858377	2.12164	0.000111622	0.00174099
RIT1	0.662894	1.71741	0.000112332	0.0017493
UBE2E3	0.410749	3.19491	0.000120795	0.00185203
TIPARP	0.671985	1.791	0.000132261	0.0019918
RP11-446N19.1	0.67069	1.17247	0.000132415	0.00199315
EGR1	0.859652	2.60039	0.000134658	0.00201963
FOXJ2	0.571602	3.48284	0.000140885	0.0020968
NT5C1A	0.65876	2.44159	0.000142755	0.0021194
SRF	0.618819	3.15733	0.000146606	0.00216385
EMP1	0.453848	3.04875	0.000146887	0.00216653
OSBPL7	0.568313	3.48825	0.000149859	0.00220347
APOLD1	0.647692	2.48488	0.000161341	0.0023428
EDEM3	0.461255	3.41098	0.000163511	0.00236607
JUND	1.21503	-0.288071	0.000165603	0.00239188
SNRNP35	0.586178	2.78458	0.000168675	0.00242731
SESN2	0.5754	2.39893	0.000171006	0.00245073
RP13-36G14.4	0.892985	0.068805	0.000183322	0.00258958
MIDN	0.794718	3.27743	0.000188025	0.00264538
SLC6A6	0.595687	3.39992	0.000188323	0.00264919
PRMT9	0.405191	2.96612	0.00019047	0.00267523
USP53	0.534101	2.67225	0.000193292	0.0027089
TSPYL2	0.677555	1.76037	0.000195106	0.00272905
MAFB	0.696455	3.07401	0.000197671	0.00275852
BOLL	0.487106	2.82031	0.000200474	0.0027901
SLC4A7	0.400484	3.36415	0.000201983	0.00280679
ADCY9	0.502441	4.17662	0.000206842	0.0028604
NDUFB7	0.619738	1.90996	0.000211357	0.00290839
KLF4	0.798237	3.01596	0.000211448	0.00290898
CEBPD	0.767996	3.24627	0.000214551	0.00294244
PHC3	0.370385	3.69722	0.000235412	0.00316989
RC3H2	0.42981	3.28969	0.000239955	0.0032163
TMEM120B	0.504853	3.72532	0.000249235	0.00332019
CEP170	0.501546	2.98936	0.000250859	0.00333773
MTR	0.444854	3.40492	0.000253033	0.00335965
HUWE1	0.39445	3.52738	0.000254405	0.0033721
PNP	0.517757	2.27409	0.000255822	0.00338684
FOXO1	0.640877	3.77649	0.000260413	0.00343502
SYNCRIP	0.704647	3.2317	0.000264126	0.00347422
KDM5B	0.366548	3.61638	0.000264316	0.00347569
THBD	0.656649	3.10599	0.000277292	0.00360762
STK38L	0.383398	3.74521	0.000278164	0.00361767
LINC00657	0.770117	2.16909	0.000299433	0.0038332
BHLHE40	1.1802	-0.389493	0.000302681	0.00386718
AMER1	0.807554	1.72357	0.000316535	0.00399873
PGPEP1L	0.600142	2.10545	0.00031706	0.00400345
LONRF2	0.450495	2.66155	0.00032067	0.00403606
AAAS	0.585837	3.66069	0.000323724	0.00406552
RANBP2	0.559796	2.12729	0.000329147	0.00411844
RYR1	0.406895	3.88629	0.000353151	0.00435697
LPL	0.487764	2.96309	0.000373637	0.00455843
THG1L	0.442699	2.41727	0.00039006	0.00471796
WSB1	0.65601	1.46857	0.000405483	0.00486387
LUC7L3	0.391042	3.05202	0.000406193	0.00487023
RGS2	0.630239	2.4724	0.000406251	0.00487039
RP11-426D19.1	0.573111	1.5795	0.000409082	0.00489621
ACTN4	0.573289	4.11522	0.000410972	0.00491288
GNE	0.434948	2.91106	0.000414838	0.00494766
CDC42EP1	0.570908	2.70197	0.000415573	0.0049537
KMT2C	0.358357	3.78571	0.000435315	0.00513601
ADAMTS9	0.359318	3.63743	0.000445349	0.00523125
PLAU	0.623515	2.4283	0.000448024	0.00525285
GJA1	0.567832	2.37636	0.000464449	0.00541123
SUV420H1	0.438034	3.83626	0.000468263	0.00544661
FAM126A	0.387236	3.27156	0.000469841	0.00546203
ARG2	0.599006	1.84629	0.000482462	0.00557532
PIK3CB	0.34207	4.16487	0.000490931	0.00565874
ETS2	0.574997	3.26401	0.000492967	0.00567678
ZNF644	0.378053	3.13831	0.000514749	0.00587232
NFATC3	0.602426	2.85935	0.000514911	0.00587232
RELT	0.548775	3.08428	0.000548509	0.0061653
RHOC	0.608891	2.52234	0.000562012	0.00628609
TEK	0.493038	1.46441	0.000565964	0.00631767
PLEC	0.592697	4.83399	0.000571118	0.00635886
GLI3	0.379759	3.84981	0.000580628	0.00644623
ARHGAP29	0.386387	3.65726	0.000583773	0.00647386
JDP2	0.687617	0.922424	0.000587051	0.00650092
AEBP2	0.472026	3.38018	0.000589366	0.00652056
CHMP3	0.457367	2.24363	0.000622961	0.00680898
FANCM	0.358895	3.14228	0.000645846	0.00700341
CYP2J2	0.4419	2.57785	0.000664959	0.00716344
ZDHHC20	0.353013	3.48395	0.000666232	0.00717545
EPAS1	0.396994	4.49743	0.000684156	0.00732695
ANKRD26	0.399862	3.65165	0.000705407	0.00750533
FEN1	0.734482	0.284704	0.000721333	0.00763661
ZKSCAN3	0.59634	1.91199	0.000751065	0.00787914
TXLNG	0.519397	1.98676	0.000764459	0.00799339
DIO3OS	-0.612702	1.11669	0.000778716	0.00811121
GADD45B	0.752737	2.63528	0.000791005	0.00821557
KRAS	0.504175	2.48822	0.000801286	0.00829681
NUDT3	0.665348	2.67466	0.000816221	0.00841707
RP11-1334A24.5	0.727716	0.984606	0.000828323	0.00851598
PCNX	0.316039	4.13012	0.000834537	0.00856365
IL6ST	0.344986	3.21787	0.000875228	0.00888047
SOCS6	0.430451	3.6594	0.000876443	0.00888864
ST3GAL1	0.373641	3.4566	0.000890846	0.00900999
C16orf72	0.686623	3.24423	0.000964624	0.00957541
UAP1	0.471183	2.40573	0.000986336	0.00974904
EPB41L2	0.234815	5.08624	0.00106605	0.0103189
AZIN1	0.39191	2.99541	0.00107024	0.0103489
HNRNPH3	0.473677	1.63252	0.00109255	0.0105244
CCDC150P1	0.477001	1.26361	0.00112594	0.0107776
PHF14	0.295836	3.86032	0.0011343	0.0108352
ATXN7L2	0.558944	2.95449	0.00118752	0.0112206
UPK3A	0.542339	1.79667	0.00120937	0.0113756
PGM2	0.393914	2.70222	0.00123991	0.0115742
AMY2B	0.490735	2.50362	0.00126222	0.0117364
UTP20	0.378049	2.91845	0.00126349	0.0117448
EGR2	0.451342	3.25856	0.00126356	0.0117448
ITCH	0.392687	3.29109	0.00127464	0.0118157
MCFD2	0.48665	1.53761	0.00127517	0.0118174
MYH9	0.425264	4.01935	0.00130213	0.012018
KLF13	0.527356	4.65286	0.00133627	0.0122653
MUC3A	-0.401129	2.88209	0.00138062	0.0125915
ZNF460	0.884671	0.0490629	0.00142299	0.012888
RPL27A	0.676699	0.701407	0.00149968	0.0134368
SYDE2	0.468222	2.90261	0.00151901	0.0135716
VASP	0.535153	3.54464	0.0015256	0.0136193
PIK3R3	0.505683	1.87512	0.00152839	0.0136423
MTMR12	0.45034	2.21578	0.00160789	0.0141943
A2M	0.339535	3.67309	0.00162925	0.0143363
TAL1	0.441814	2.20862	0.00174226	0.0150938
SMIM19	0.604314	0.541831	0.00180328	0.0154955
SMIM4	0.979586	-0.0569697	0.0019357	0.016335
STIM2	0.337308	3.29636	0.00195332	0.0164518
ING1	1.32815	0.727764	0.00202003	0.0168824
CBL	0.523129	2.21044	0.00202739	0.0169257
DIP2C	0.419705	3.6764	0.00205771	0.0171224
METTL17	0.486091	2.17639	0.00208479	0.0172894
SLC12A2	0.482464	2.17965	0.00209814	0.0173669
PPRC1	0.42101	3.15051	0.00215992	0.0177552
ZNF575	0.473221	2.04619	0.00224723	0.0182914
MAPRE1	0.497968	2.00382	0.00227272	0.018438
CD93	0.533655	2.0117	0.00231875	0.0187025
MAD2L2	0.523982	2.0972	0.00231938	0.0187048
SETD2	0.349092	3.05278	0.00232667	0.0187454
GATSL2	0.523621	1.29644	0.00235396	0.0188994
NES	0.491086	2.23585	0.00237104	0.0189982
STX11	0.474111	2.10013	0.00238433	0.0190727
OSGIN1	0.444578	3.09336	0.00245253	0.019479
NBEA	0.288037	3.6538	0.00245325	0.0194833
TEX101	-0.447738	2.13417	0.00245798	0.0195081
DGCR8	0.540623	3.49279	0.00255281	0.0200685
HELZ	0.408144	2.36106	0.00267375	0.0207636
MAFF	0.543528	2.40156	0.0026752	0.0207712
SLC25A45	0.537822	2.77527	0.00289518	0.0220943
ECHDC2	0.335355	2.97722	0.00293429	0.0223093
XRN1	0.285354	3.60115	0.00299755	0.0226905
LATS1	0.848601	1.36823	0.00305213	0.022994
GTPBP1	0.559068	2.92959	0.00311279	0.023319
RBM28	0.391376	2.80572	0.0032233	0.0239551
TBC1D10B	0.58793	1.61246	0.00344569	0.025199
MORC3	0.371773	2.67331	0.00355953	0.0258141
PTMS	0.884391	-0.276876	0.00365913	0.0263779
SCAI	0.346995	3.30363	0.00368983	0.0265393
DNAJB1	0.856605	-0.381293	0.00369234	0.0265503
TRIP12	0.261501	3.68833	0.00383077	0.0272496
LLNLR-268E12.1	0.46459	1.40922	0.003937	0.0278067
MEOX1	0.495195	2.07307	0.00411233	0.0287532
LY6G5C	0.451591	2.20149	0.00414702	0.028938
BTN3A1	0.3621	2.78633	0.004175	0.0290822
GIMAP8	0.419115	1.72702	0.00429282	0.0297261
SLC22A5	0.401093	3.09429	0.00437359	0.0301392
OPA1	0.271916	3.83975	0.00456885	0.0310979
HSPA4L	0.45246	2.8371	0.00459964	0.0312452
WEE1	0.384567	3.0461	0.00460367	0.0312624
CHUK	0.661199	1.15934	0.0046439	0.0314608
ORMDL1	0.424244	1.3633	0.00476898	0.0320185
C8orf4	0.488403	1.96882	0.00505807	0.0334139
PLK3	0.590972	2.26303	0.00507807	0.0335092
SNRNP70	0.508153	2.95087	0.00508989	0.0335688
HM13	0.352971	3.67547	0.00527642	0.0344952
C1orf127	0.352475	3.53739	0.00529651	0.0345953
ANTXR2	0.309714	3.38105	0.00549423	0.0355958
SIVA1	0.592822	2.60108	0.00550692	0.0356649
PIK3CA	0.414337	1.28009	0.00556973	0.0359879
CCL2	0.433594	1.77841	0.00564304	0.0363297
BPHL	0.377717	3.4039	0.00569091	0.0365577
PITPNB	0.419098	2.32897	0.00569832	0.0365923
WBP1	0.684914	0.560658	0.00578559	0.0370017
SPOPL	0.433728	1.6687	0.00599532	0.0379576
CYB561D2	-0.741517	-0.00458538	0.00613589	0.0385962
TLN2	0.23718	4.38648	0.00635288	0.0395805
DDIT4	0.832098	-0.120936	0.00647974	0.040184
EGR3	0.578383	2.04071	0.00658677	0.0406757
IL6	0.656216	0.13812	0.00659402	0.0407021
HSP90AB3P	-0.565529	0.780322	0.00669074	0.0411309
TBL2	0.389869	2.77818	0.00706383	0.0428579
RP11-326I11.5	0.93682	-0.218585	0.00709254	0.0429537
SFXN5	0.293304	4.66865	0.00713636	0.0431565
USP34	0.278033	4.22154	0.00746437	0.0445715
TACC1	0.261034	4.46127	0.00777231	0.0458601
ETS1	0.290482	3.16946	0.00778634	0.0459182
KMT2D	0.372469	4.59303	0.00783835	0.0461422
FBLN2	-0.384992	3.88195	0.00806665	0.0470625
PDE11A	0.262417	4.01532	0.00817314	0.0475228
KLHL15	0.533295	1.68009	0.00834124	0.0482419
CAPN7	0.350539	2.68435	0.00842692	0.0485744
CTB-89H12.4	0.716651	0.13275	0.00879074	0.0500575
TNKS1BP1	0.365899	3.27427	0.00892561	0.0505656
GOLGA8B	0.429999	3.14279	0.00900804	0.0508732
TOB1	0.872228	-0.730024	0.00901832	0.0509154
SLC2A5	0.294445	3.31909	0.00915982	0.0514387
FOXK2	0.363291	3.85679	0.00944373	0.0524954
PFKP	0.285696	3.01593	0.00958353	0.0530309
GSTM2	0.389262	2.57011	0.00999913	0.0546179
SRGN	0.381258	1.60943	0.0102647	0.0556763
MSANTD4	0.341524	2.50904	0.0103534	0.0560119
NF1	0.199673	4.39797	0.0106241	0.05707
PMP22	0.42891	1.09021	0.0113957	0.0600166
ATG2B	0.37	3.15412	0.0115519	0.0606256
RP11-102K13.5	0.50632	2.26541	0.0120937	0.0627221
SOCS7	0.511461	2.98457	0.012417	0.0639141
ARHGAP5	0.394936	2.11552	0.0125178	0.06429
BMP2	0.480113	2.60251	0.0125758	0.0645023
HTT	0.243073	4.35972	0.0128698	0.0655887
AMMECR1L	0.691526	-0.337095	0.0130805	0.0663327
FAM65A	0.352484	2.58177	0.0132706	0.0670242
MLLT4	0.211498	4.18581	0.0133922	0.0674565
NEK4	0.317581	2.88907	0.0135311	0.0679479
RP11-441O15.3	1.18451	-1.1543	0.0138832	0.0692103
MSN	0.476664	2.33191	0.0139015	0.069263
CIRBP	0.40683	2.72045	0.0139277	0.0693491
DNAJB4	1.22884	-1.14457	0.0140482	0.0697955
FRMD8	0.41889	2.64134	0.0140787	0.0698801
GEM	0.456307	2.2366	0.0143756	0.0709435
PAPD7	0.35142	3.73623	0.0148536	0.0726334
AC006480.1	0.539102	0.702132	0.0151721	0.0737417
PAPOLA	0.261	3.6073	0.0153349	0.0742808
PELI2	1.13845	-0.877405	0.015663	0.0754729
ANXA3	0.252936	3.04133	0.0161316	0.0770367
RFX3	0.341594	3.309	0.016631	0.0786876
CHD4	0.313899	3.82911	0.0166618	0.0787859
PCOLCE	-0.456332	0.849938	0.016939	0.0797348
RP11-110G21.1	1.35177	-0.954211	0.0171573	0.0804452
TMEM104	-0.433509	1.60517	0.0172105	0.0806282
HMOX1	0.36572	2.69719	0.0174718	0.0815049
RABEP2	0.446907	2.03355	0.0177416	0.0824052
PCED1A	-0.512719	0.753018	0.0177641	0.082467
MAP9	0.392713	1.6374	0.018087	0.0835873
CEP350	0.24837	3.58187	0.0184004	0.0846503
LAS1L	0.43593	1.99666	0.0187484	0.0858147
LCMT1	-0.254897	2.93707	0.0187731	0.0858959
CGGBP1	0.690797	-0.2541	0.0188012	0.0859728
ANAPC7	0.267472	3.29685	0.0189506	0.0864521
MEF2BNB	-0.486048	0.783456	0.01928	0.0874917
CXXC1	0.417332	2.23798	0.0192927	0.0875277
TAGLN2	0.391459	2.48156	0.0195342	0.0882663
SLC29A2	0.509306	1.49377	0.0195921	0.0884303
KAT2A	0.613642	-0.0933436	0.019945	0.0895066
SRSF11	0.248471	3.31963	0.0201645	0.090201
TXNDC16	0.359053	1.31694	0.0202935	0.0905838
RPS6	0.428486	1.59854	0.0207966	0.0922114
C11orf96	0.398017	2.551	0.0223462	0.0967302
ZC3HAV1	0.328385	3.07753	0.0227666	0.098055
LRRC14	0.471259	1.76911	0.0228844	0.0984296
NUSAP1	0.292004	2.3612	0.0237094	0.100911
RPS4XP3	-0.439046	0.981813	0.0244238	0.103106
C11orf84	0.306649	2.60092	0.0245692	0.103482
CITED4	0.780098	-0.169482	0.0250895	0.104966
CXCR4	0.377076	2.34449	0.0260933	0.107806
EXOC5	0.266961	2.51272	0.0263617	0.108523
STAT2	0.355491	2.27737	0.0286037	0.114822
CCNG2	0.318704	3.00272	0.0286659	0.114964
ELL2	0.278145	2.43869	0.0293998	0.116911
SAMD14	0.310938	3.7585	0.0304743	0.119828
ANKRD12	0.394225	2.21173	0.0307589	0.120619
SPEN	0.288848	2.45202	0.0309035	0.121024
GAK	-0.270906	3.95251	0.0309933	0.121262
MYH3	0.299993	2.21528	0.0320966	0.124111
DDX3Y	0.416586	0.639727	0.0323307	0.124684
TMEM176B	-0.471685	0.703296	0.0325641	0.125326
ANXA1	0.243017	3.14997	0.0326625	0.12558
CLEC1A	0.345856	1.68398	0.032781	0.125911
TNK2	0.366176	4.23471	0.034112	0.129416
ZNF596	0.739123	-0.652276	0.0341518	0.129481
FAM160A1	0.230595	2.81297	0.0341549	0.129483
CHRND	0.422362	1.23965	0.0344426	0.130174
ATP13A3	0.22386	3.86672	0.0348888	0.131252
YES1	0.327229	1.20618	0.0355028	0.132794
RP11-96A15.1	0.304052	1.74398	0.0356071	0.133065
RPL34	0.526577	-0.265365	0.036442	0.135152
RASIP1	0.392417	1.31242	0.0366975	0.135766
LRRC66	0.325765	1.3921	0.0373764	0.137467
RRM2B	0.349103	1.87764	0.037951	0.138977
MASP2	-0.373629	1.8902	0.0379551	0.138983
RAPGEFL1	0.269819	2.63025	0.0405533	0.145503
ALS2CL	0.277549	3.69345	0.0409414	0.146523
SNHG6	0.45247	1.13078	0.0410351	0.146766
ZNF621	0.29595	2.82653	0.0411991	0.147178
FUT1	0.540404	-0.0483017	0.041217	0.147223
GPR4	0.567195	0.497013	0.042134	0.149485
DDX11	-0.283302	2.55966	0.042517	0.150406
HIPK1	0.243734	2.64827	0.0427034	0.150798
ATP8A1	0.178298	3.85821	0.0431865	0.151943
ZZEF1	0.197679	3.50044	0.0435012	0.152631
HMGN3	1.09683	-1.30113	0.0441541	0.154128
BRWD1	0.205719	3.35861	0.0445955	0.155092
EFR3B	0.277392	3.19775	0.0448368	0.155651
SEC31B	0.198561	3.85656	0.0456102	0.157427
GSTP1	0.406053	2.50419	0.0467088	0.15999
DLL4	0.387312	2.58706	0.046881	0.160382
ID1	0.671288	-0.37773	0.0472402	0.161205
DYNC1H1	0.218946	3.82348	0.0483771	0.163792
DOHH	0.308069	2.44247	0.0485119	0.164105
RPS28P7	-0.315021	1.39622	0.0491558	0.165573
SEMA4C	0.356437	3.3032	0.0503143	0.168164
VWF	-0.26103	3.23427	0.0516863	0.171221
PIGZ	0.291958	3.12449	0.052676	0.17342
CTD-3035D6.1	0.489905	0.389863	0.052817	0.173722
CHMP4BP1	0.379353	0.892493	0.0560478	0.180639
LASP1	0.326903	3.62165	0.0565012	0.181574
ITIH4	0.274143	2.73245	0.0566455	0.181797
PPP4R1	0.172496	3.65512	0.0568913	0.18224
ALG1	0.313991	2.10866	0.0573514	0.183211
NEK10	0.193067	3.54379	0.0588816	0.186248
ASB7	0.287181	1.18107	0.0593816	0.187296
TAP1	0.489957	0.0914528	0.0595945	0.187709
MTMR9LP	0.368606	2.13084	0.0600173	0.18857
SERP1	0.352725	1.03969	0.060395	0.189445
DUSP6	0.385129	0.621906	0.0605023	0.189677
HELZ2	-0.374085	2.88031	0.0607355	0.190194
CIR1	0.295627	1.73567	0.0623772	0.193559
LITAF	0.224679	3.8983	0.0626893	0.194184
SF3A3	0.258448	2.20923	0.0627648	0.194332
FGD3	-0.226799	3.75529	0.0633097	0.19546
NSF	0.250958	2.22545	0.0636042	0.196134
LRRC8A	0.314429	2.22231	0.0638651	0.196654
ACOT13	0.295988	1.27631	0.0653554	0.199488
RP1-309I22.2	0.278913	1.22099	0.0668261	0.202468
MSX1	0.357336	2.43002	0.0671106	0.203024
SMARCA5	0.24288	2.11163	0.0679928	0.204788
WARS	0.214505	2.95123	0.0679935	0.204788
LPCAT4	0.277046	2.96232	0.0682656	0.205311
RP11-16F15.1	-0.381307	1.03765	0.0699466	0.208638
DCAF5	0.288731	2.00462	0.0706252	0.209838
NENF	0.268471	2.40301	0.071175	0.210969
HIVEP1	0.234268	3.07533	0.0727467	0.213904
CBR1	0.428035	1.22808	0.0749259	0.218162
POLR2C	0.400436	0.895417	0.0755049	0.219307
ERAP1	0.225944	2.49828	0.075936	0.220091
MCAM	0.341571	2.31676	0.0774494	0.222861
GCH1	0.304174	2.25433	0.0779117	0.223751
NEDD9	0.18521	3.2204	0.0796355	0.226962
HSP90AA2P	-0.28527	1.15419	0.0825869	0.232328
DLL1	0.36932	2.31171	0.0829923	0.23306
HIPK2	-0.366635	1.29766	0.083029	0.23311
TNFRSF14	-0.326766	0.611896	0.0839626	0.234817
RGS16	0.300407	1.71695	0.0844599	0.235712
NR6A1	0.362735	1.11276	0.0848293	0.23634
ATP5HP4	0.293794	1.1739	0.0858639	0.238173
MB21D1	0.260022	2.22001	0.0884097	0.242796
SPON2	0.245013	3.69321	0.0885576	0.243079
MOB3C	0.517811	-0.0359656	0.089338	0.244486
POLG	0.246408	2.47197	0.0895158	0.2448
LBX1-AS1	0.288128	1.94545	0.0906868	0.246938
TUBB6	0.320711	1.94427	0.0907277	0.246988
TBCC	0.891904	-1.5238	0.0909404	0.247325
WISP2	0.212348	2.8172	0.0936276	0.251902
ZBTB44	0.229085	2.10677	0.0955325	0.255041
TET3	0.250616	2.56656	0.0956104	0.255199
DNAJA4	0.205857	2.61785	0.0968596	0.257312
SPRY4	0.418234	-0.0324568	0.0969509	0.257436
MIR143HG	0.362195	1.14963	0.100296	0.263104
NIFK	0.24211	1.45438	0.100848	0.263975
AKAP12	0.200821	3.23561	0.101176	0.264506
ARHGAP1	0.295573	2.19724	0.103249	0.267933
HSBP1	0.536636	-0.91111	0.105614	0.271884
SARDH	-0.272643	3.60217	0.105836	0.272233
MRPL32	0.374949	0.261029	0.106024	0.272569
IRS2	0.877253	-1.07965	0.107445	0.274782
SDC4	0.356772	0.0619392	0.107797	0.275383
ZNF239	0.236174	2.48839	0.107975	0.275664
HK2	0.351979	1.52041	0.110195	0.279358
TMEM132A	-0.293601	1.54528	0.115501	0.287838
ADAMTS4	0.519434	-0.395753	0.117001	0.290295
FLT1	-0.177966	3.30856	0.117394	0.290923
CLDN5	0.255519	2.68244	0.119212	0.293774
ARFGAP1	-0.408944	0.631034	0.119887	0.294814
PLCB1	0.118449	4.30397	0.120428	0.295688
GOLGA8A	0.246721	2.18093	0.121653	0.297571
RP4-635E18.8	0.304869	0.501291	0.124966	0.302603
FOSL1	0.301688	1.76748	0.126079	0.304319
OBSL1	0.261534	1.76834	0.126929	0.305595
TCEAL7	0.25732	0.887131	0.127409	0.306311
NFE2L2	0.237652	2.1298	0.130523	0.310828
RP11-164J13.1	0.483033	-0.172017	0.131572	0.31241
PAN2	0.234523	2.13258	0.134458	0.316734
AC004453.8	0.245513	1.1895	0.135546	0.31842
UBXN11	0.202913	2.77334	0.137584	0.321309
DNAJA1	0.354406	0.664177	0.138522	0.322723
FAM53C	0.331843	0.193857	0.139675	0.32433
BCL6B	0.22614	2.06623	0.142519	0.328412
CXCL2	0.276637	2.02418	0.14258	0.328474
ATF6B	0.269456	1.47144	0.143446	0.329727
ANP32E	0.242737	1.39405	0.148356	0.336801
UBAP1L	0.221741	1.89036	0.148453	0.33695
ANKZF1	0.300436	0.623743	0.151682	0.34112
RP11-144L1.8	-0.253135	1.06616	0.15313	0.343329
KCNE4	0.244595	1.94756	0.154615	0.34535
MRPS11	0.226576	1.19486	0.157846	0.349628
AQP1	0.264101	3.0779	0.157943	0.349778
SUDS3	0.234943	1.76189	0.160988	0.35401
RP11-87E22.2	0.246485	1.94106	0.161486	0.354666
TMEM259	0.321985	2.04095	0.162268	0.355778
RP11-309L24.4	0.298743	1.27266	0.162458	0.356068
LDLR	0.17287	3.04734	0.162557	0.356222
PTPN11	0.225384	1.17357	0.162921	0.356721
DDX52	0.202095	1.9197	0.164186	0.35844
SETD7	0.196937	2.2664	0.16881	0.36499
SLCO4A1	-0.250488	1.39719	0.169835	0.366397
NHSL1	0.143202	3.61115	0.173232	0.371079
MME	0.122855	3.89286	0.173421	0.371322
LUC7L	0.211341	2.61808	0.175739	0.374263
PTPRS	-0.225331	3.10964	0.178503	0.377851
KIAA0226	0.162171	2.73119	0.179409	0.379
EIF4BP3	-0.264074	0.906832	0.179871	0.379551
ATP11A	-0.126819	4.48481	0.183345	0.38397
RP11-373D23.2	0.40082	-0.346879	0.186136	0.38754
PPP2R3B	0.178303	3.3045	0.187615	0.389515
TRO	0.281718	0.767494	0.189261	0.391568
YWHAEP5	-0.313513	0.0497987	0.190979	0.393775
PPP1R27	0.500065	-0.778829	0.195211	0.398858
CDK6	0.140017	2.86545	0.195578	0.3993
ITGA1	0.156617	2.53628	0.195612	0.399321
NSA2	0.65617	-1.18396	0.197767	0.401953
ZC3H12A	-0.38634	-0.0187562	0.199186	0.403716
FKBP4	0.278024	0.588095	0.200553	0.405495
GPR137C	-0.215966	1.23902	0.202652	0.408036
COA5	0.279185	1.09925	0.20562	0.411718
ZYX	0.288317	0.268319	0.208906	0.41587
PVRL2	0.214351	3.59137	0.212334	0.42006
PPP1R14A	0.214329	2.29348	0.212879	0.420731
AC083843.1	0.342189	0.0113986	0.213416	0.421386
TMUB2	0.263333	0.18993	0.214236	0.422358
ACLY	0.201882	3.11645	0.214987	0.423203
L3MBTL1	-0.150129	3.46022	0.218433	0.427229
ATP5G2P4	0.302254	0.507452	0.218594	0.427458
LARP7	0.174853	1.76902	0.218673	0.427535
UNQ6494	0.1499	2.43709	0.22027	0.429482
SGSM1	-0.170924	2.60475	0.223005	0.432509
RPS12	0.520662	-1.59484	0.224744	0.434475
RGS5	0.199284	1.16441	0.224957	0.434711
G6PD	0.244677	0.706796	0.225121	0.434915
BTG3	0.155188	3.14628	0.225935	0.435746
C16orf58	-0.186682	1.66182	0.22609	0.435936
LTBP2	-0.189965	3.0938	0.226451	0.436262
GTF2H1	0.133677	3.10394	0.230297	0.440775
NSUN5P1	0.307592	-0.10343	0.232082	0.442854
GABARAPL1	-0.414561	-0.59316	0.233557	0.444227
GGT5	-0.205214	1.51261	0.238572	0.450052
GIMAP7	0.641086	-0.691187	0.241059	0.452775
SEPT1	-0.310046	-0.0949417	0.247314	0.459736
MYO1E	-0.152384	2.67017	0.248311	0.460751
VPS13B	0.115166	3.70461	0.24968	0.462345
RP11-466H18.1	-0.165788	1.45145	0.250256	0.462815
CNN2	0.24568	2.15336	0.252828	0.465832
SLC45A3	0.219766	2.5719	0.253563	0.466591
ANKRD33B	0.218465	2.39158	0.259768	0.473871
AC096669.3	0.270495	1.1806	0.260776	0.475088
ACOX2	0.13552	3.58471	0.260889	0.475191
ADAMTS13	-0.168349	2.06588	0.261334	0.475659
ASAP2	0.123946	3.61096	0.266113	0.480792
ZBTB47	0.207536	1.59173	0.267539	0.482486
PPP3CB-AS1	0.246278	0.359694	0.271343	0.48671
WDR34	0.167761	2.55774	0.274068	0.489665
WAPAL	0.131518	2.80403	0.282015	0.498391
GJA4	0.201114	1.69763	0.284353	0.500917
ATP5O	0.161111	1.54229	0.285895	0.502655
COL4A1	0.160273	2.4141	0.287515	0.504323
KCP	-0.169602	2.61622	0.288098	0.504868
RP11-463O12.5	0.411017	-0.96688	0.289032	0.505908
SLC2A3	0.121264	3.02549	0.291959	0.509005
TINAGL1	0.18741	2.39749	0.296888	0.514548
CYYR1	-0.164541	1.63358	0.29882	0.516576
MCRS1	0.185876	1.73529	0.301884	0.519733
STXBP5	0.210443	0.537843	0.303186	0.521046
DOC2B	-0.158009	2.77702	0.305575	0.523363
SUGT1	0.188813	1.05676	0.30627	0.524082
SERPINE2	0.091005	3.6701	0.308661	0.526449
ITGA5	0.140354	3.18344	0.311199	0.528889
KIAA1107	0.19749	1.06246	0.314488	0.532296
ADAMTSL3	-0.110524	3.43172	0.317031	0.53475
TPM4	-0.123816	3.04299	0.320755	0.538379
UBE2C	0.181605	1.68712	0.320846	0.538461
NIT1	0.199781	0.839851	0.323547	0.541207
SDHCP4	-0.15878	1.263	0.327839	0.545412
RP11-631N16.2	0.538898	-1.54237	0.331228	0.548889
TNFRSF10D	0.187325	1.67702	0.332374	0.549956
TTC31	-0.19895	1.28341	0.333683	0.551396
KRTAP21-4P	-0.201248	0.510645	0.342085	0.559711
NOS1	0.138858	2.7454	0.34394	0.561418
CA8	0.10588	2.75823	0.34422	0.561698
ENGASE	0.168088	3.16871	0.34456	0.562015
ATG4B	-0.125934	2.85356	0.347919	0.565087
BBS9	0.104422	3.4619	0.348146	0.565341
MARCKSL1	0.204516	2.08538	0.357371	0.574096
RAPGEF5	0.0773414	4.10552	0.360306	0.576778
SERF2	0.400739	-0.916783	0.360988	0.577514
NDRG1	0.102068	4.22379	0.361475	0.577975
FAM136A	0.496074	-1.55736	0.361633	0.578112
ENC1	0.139731	1.59509	0.362372	0.578815
LRRK2	0.10714	3.03874	0.363431	0.579869
POGLUT1	-0.12595	2.27958	0.364715	0.58117
C17orf89	0.431268	-1.77476	0.369695	0.585795
MYH14	0.106112	3.777	0.370451	0.586491
AMDHD2	0.171033	0.862422	0.374429	0.590232
RNF152	0.125407	2.99468	0.38538	0.600259
EIF4A3	0.144617	1.79259	0.392132	0.606292
ZBTB21	0.340466	-0.112413	0.392951	0.607054
LINC00707	0.154486	1.11787	0.392987	0.607091
KDM7A	0.129173	1.62405	0.395675	0.609337
DLC1	0.0642001	4.49428	0.396062	0.609646
ACTR3	0.116745	2.38792	0.397507	0.610905
CLDN12	0.109203	2.64899	0.405758	0.618356
SERPINE1	-0.142725	1.37522	0.408652	0.620986
SUPT6H	0.0978701	3.29129	0.409746	0.621953
RPL7	0.149757	0.888761	0.410348	0.622416
DUSP8	0.154693	2.75948	0.413988	0.625688
PLEKHA2	0.108994	3.29977	0.41948	0.630328
MYO15A	-0.104253	3.92827	0.426976	0.636718
PSMB5	0.388648	-1.4256	0.428581	0.638018
SEC24A	0.138759	0.877197	0.430622	0.639837
MRTO4	-0.151326	1.41153	0.432332	0.641236
PRRC2A	-0.139565	1.09692	0.438228	0.646149
USP6	0.188453	0.710573	0.447482	0.654014
GIMAP6	-0.119884	1.48909	0.447691	0.654233
ADRA2B	0.161735	1.91319	0.448596	0.65496
ZBTB11	0.183735	-0.200547	0.450581	0.656609
APP	0.0687502	3.89962	0.452935	0.658611
AGBL1	-0.118702	1.52459	0.454876	0.660266
LBP	0.130041	1.34153	0.465527	0.669213
ASH1L	0.102911	1.62705	0.467417	0.670841
ACTG1	0.16834	0.444188	0.468596	0.671853
TMEM147-AS1	-0.17989	0.436511	0.473073	0.675534
RPL4P4	0.13929	0.71127	0.478236	0.679842
AC109333.10	-0.14329	1.19248	0.491233	0.690154
CES3	0.105747	2.54995	0.491328	0.690216
PZP	0.0970536	2.27312	0.49436	0.69252
ULK3	0.118992	1.46571	0.496226	0.693861
SOGA1	0.10144	3.39533	0.504911	0.700571
SYNJ2	0.0789812	3.85605	0.505851	0.701237
RP11-864N7.2	0.210283	0.0171619	0.508219	0.703261
TAOK1	0.108689	1.70688	0.510309	0.70476
EPB41L4A-AS1	0.296818	-1.24428	0.510587	0.704946
PAX8-AS1	0.0781142	3.39464	0.511414	0.705576
C14orf79	-0.126792	2.73821	0.515113	0.708093
PIK3IP1	0.187469	-0.0959251	0.523245	0.714157
LRRC32	0.124354	2.74204	0.533007	0.72135
DDX3YP3	-0.121648	1.32064	0.535639	0.723334
MRC1	0.108575	1.34187	0.53647	0.723927
EXOC3L1	-0.198222	0.0818666	0.544722	0.730195
RP11-104F15.9	0.0993797	1.23784	0.547708	0.732381
ADAM33	-0.0875511	2.89572	0.548664	0.732976
SLC4A5	0.0541678	4.10798	0.555348	0.73753
SOX17	-0.101603	1.75259	0.562912	0.742801
PIK3C2A	0.101081	0.821133	0.566697	0.745624
IBA57	0.105801	2.05157	0.569033	0.747472
GATA2	-0.0925386	2.53029	0.57218	0.749635
FES	0.10693	2.755	0.574527	0.751405
TMEM81	0.104869	1.00817	0.58015	0.755593
VSIG2	-0.0839703	1.28367	0.582757	0.757295
EML4	0.0690951	2.57103	0.585513	0.759255
CCDC85C	0.0777109	3.65347	0.592847	0.764553
RP3-368A4.6	0.195634	-0.929053	0.600441	0.769929
ZFAND2A	-0.111818	0.646522	0.603675	0.772268
FLNB	-0.0514552	3.78747	0.61144	0.77762
FSTL1	0.057397	3.57781	0.619447	0.783355
TMEM175	-0.0884307	2.04918	0.620415	0.783976
SEMA3F	-0.0729097	2.45663	0.624898	0.787118
GLULP4	-0.0802691	1.28853	0.628165	0.789643
P2RX4	0.0595008	2.73438	0.630065	0.790962
CHORDC1	0.0716103	1.49048	0.63536	0.794581
GUSB	0.0530142	3.1104	0.640629	0.798044
ARHGAP27	-0.0656794	3.91906	0.644817	0.800839
TNXB	0.0602126	3.6045	0.645223	0.801027
MMRN2	0.0787438	2.40884	0.646289	0.801755
GPR98	0.0365979	4.68237	0.649675	0.803889
GRASP	0.0826303	2.98415	0.652523	0.805914
OSGEP	0.103577	0.393052	0.653174	0.806288
UQCRHL	0.0763014	1.06631	0.663838	0.813687
TRIM52-AS1	0.117009	-0.0392292	0.66541	0.81475
CD83	0.0605326	1.96478	0.675523	0.821149
ACAP3	-0.086505	2.01804	0.676203	0.821645
NRARP	0.0970601	2.01777	0.676873	0.822036
USHBP1	0.0782683	0.831743	0.678389	0.822984
KITLG	0.0663212	2.10854	0.683078	0.825665
ERMARD	0.0583138	2.09347	0.685638	0.827424
TMEM116	0.0759719	1.14788	0.695526	0.833557
APOE	0.0956727	0.883682	0.703242	0.838208
SMO	0.055095	3.21043	0.704062	0.838699
DUSP2	-0.0885026	0.197012	0.706506	0.840101
IER5L	0.141631	-0.90532	0.709472	0.841913
BOLA3	-0.093383	-0.102059	0.713872	0.844622
NEIL1	-0.169799	-1.49356	0.715465	0.845526
AC073109.2	-0.0717357	1.349	0.716387	0.846086
RP11-434J24.2	-0.080501	0.166213	0.716498	0.846152
EPHA2	0.0565029	2.38788	0.723296	0.850508
RP11-1100L3.8	0.0849849	0.953924	0.727594	0.853205
NAGPA	-0.0789907	0.958676	0.727959	0.853421
SLFN11	-0.0353416	3.26713	0.731614	0.855859
ERF	0.0646402	1.55723	0.734125	0.857418
MRPL27	0.0944278	-0.437901	0.735409	0.858208
SLC20A1	0.04026	2.33679	0.736184	0.858684
MEDAG	0.050124	1.85739	0.737179	0.859348
TBC1D9	-0.0526458	2.29243	0.737306	0.859422
RP11-270C12.3	0.0529663	1.28257	0.74215	0.862642
SCARF2	-0.0657225	2.88723	0.743793	0.863525
RPL35A	-0.0605211	1.01099	0.747141	0.865625
AP000361.2	-0.0828438	-0.00115111	0.750036	0.867323
MTCO1P5	-0.0724554	0.562496	0.750215	0.867367
GIMAP5	0.0351328	2.92266	0.75787	0.872132
AKR1C1	0.127635	-0.937601	0.764614	0.876348
NAB2	0.0625996	0.850249	0.764982	0.876641
P2RX6	0.0467375	1.45552	0.776623	0.883474
CYBRD1	0.0559574	2.22935	0.780274	0.885749
TARBP2	-0.098848	-1.20099	0.785871	0.888859
PLAUR	0.0422416	2.37223	0.787029	0.889668
STARD9	0.0244214	3.5911	0.789987	0.891183
GPR116	0.0266405	3.42997	0.791428	0.891994
CTC-425O23.5	0.0577751	0.32393	0.795006	0.894113
ICAM1	0.0451069	2.32282	0.795311	0.894196
ZBTB8OS	-0.0423693	1.71426	0.803952	0.899334
RNA5SP286	-0.0437724	1.28095	0.807323	0.901152
RP11-474J18.1	-0.0847623	-0.288486	0.808027	0.901547
SNX29	0.0257018	3.2586	0.815741	0.905819
SDCCAG3	0.0436313	1.11692	0.817507	0.906931
TPT1P12	0.0452619	1.09532	0.820687	0.908705
CX3CL1	0.0310821	2.53099	0.821967	0.909529
BLVRB	0.0368436	1.12101	0.822433	0.909776
RIPK2	-0.041301	1.19983	0.824601	0.910968
ALDH8A1	0.0310539	2.43804	0.826958	0.912287
TNFSF10	-0.115983	-1.79199	0.830185	0.913982
CNTROB	0.025511	2.41154	0.843893	0.92157
C1QC	-0.0293452	1.5383	0.845277	0.92244
PTPRB	-0.0206143	3.24785	0.846168	0.922918
SCN7A	-0.0220561	3.07176	0.851385	0.925863
ITIH5	0.0178467	3.87434	0.853683	0.927085
PHPT1	0.0717874	-1.51349	0.855647	0.92794
CPSF2	0.0257803	1.43646	0.856559	0.928407
AC013437.7	-0.062307	-1.07547	0.859533	0.930103
WDR53	-0.0565607	-0.630378	0.86094	0.930908
PIN1	-0.042829	0.395681	0.861425	0.931155
RPL37A	0.0251496	1.41518	0.862525	0.931802
RP11-54O7.17	-0.0676531	-0.977243	0.862859	0.931931
VPS11	0.0279258	1.84043	0.867363	0.934227
RPL32	-0.0496614	-0.774577	0.870506	0.935812
IK	0.0303998	1.0327	0.872294	0.93667
NMD3P1	0.0294006	1.00814	0.873795	0.937469
PLEKHG1	-0.0216242	2.56378	0.877907	0.939778
TIMM9	0.0274114	0.697875	0.88595	0.944356
DENND3	-0.0133727	4.36385	0.889575	0.946342
THBS1	0.0253061	1.72959	0.893043	0.948086
SV2B	0.0139924	3.2444	0.895704	0.949523
LEMD3	0.0188613	2.07713	0.898578	0.950979
POLR2A	-0.0168973	2.7096	0.90005	0.95177
SULT1A1	0.0144001	2.82996	0.916376	0.960427
AMT	0.0223337	0.932603	0.91947	0.961798
PRSS45	0.0159867	1.16795	0.926527	0.965078
CRISPLD2	0.0112573	3.21401	0.92821	0.965965
TTYH2	0.0117613	3.42044	0.9296	0.966826
RP11-135F9.3	0.0164604	0.941441	0.934802	0.969242
BTN3A2	-0.0124739	1.51485	0.935375	0.969446
JMY	-0.0150595	1.17437	0.940697	0.972194
LENG8	0.0117216	1.58597	0.941506	0.972676
HSPG2	-0.00743951	4.6593	0.94501	0.974434
ZNF692	0.0113244	1.17537	0.957231	0.979648
TNFRSF10B	-0.00649059	2.14241	0.958325	0.980213
HERC2	0.00520078	3.475	0.959532	0.980777
ERBB3	-0.0058904	3.26749	0.961222	0.981474
RP11-421F16.3	0.00892783	0.501466	0.964013	0.982708
NPEPL1	-0.00522303	3.42696	0.972572	0.986911
KB-431C1.5	0.00261235	1.1822	0.987774	0.994044
MIEN1	-0.00395661	-0.315135	0.989304	0.994692
ACTG1P12	-0.000260293	-1.27214	0.998156	0.999021
RPS13	-0.000288763	-0.595819	0.999447	0.999755
